query_filename,ground_truth_identity,predicted_identity,top_similarity_score,rank_of_correct_identity
Adagio.jpg,Adagio,Adagio,0.708009,1
Alle.jpg,Alle,Fester,0.653175,3
Amaya.jpg,Amaya,Amaya,0.864861,1
Amber.jpg,Amber,Kasha,0.613233,37
Amiga.jpg,Amiga,Amiga,0.660956,1
Aria.jpg,Aria,Asahi,0.590524,
Aris.jpg,Aris,Aris,0.691367,1
Aristatole.jpg,Aristatole,Tokyo,0.585540,3
Asahi.jpg,Asahi,Asahi,0.775018,1
Babbu.jpg,Babbu,Asahi,0.586191,
Baleia.jpg,Baleia,Baleia,0.777852,1
Beeses.jpg,Beeses,Beeses,0.646749,1
Benju.jpg,Benju,Benju,0.779667,1
Birdie.jpg,Birdie,Birdie,0.768605,1
Bookie.jpg,Bookie,Bookie,0.726126,1
Bossy.jpg,Bossy,Bossy,0.647708,1
Bostwick.jpg,Bostwick,Bostwick,0.684163,1
Branson.jpg,Branson,Branson,0.785763,1
Britnee.jpg,Britnee,Britnee,0.668484,1
Brownny.jpg,Brownny,Brownny,0.616327,1
Brunello.jpg,Brunello,Brunello,0.749067,1
Bullik.jpg,Bullik,Bullik,0.753404,1
Bustachanc.jpg,Bustachanc,Bustachanc,0.786347,1
Cappucinno.jpg,Cappucinno,Cappucinno,0.681413,1
Carie.jpg,Carie,Southernbell,0.645304,
Carmelita.jpg,Carmelita,Carmelita,0.786671,1
Charlye.jpg,Charlye,Jionni,0.619374,16
Chewee.jpg,Chewee,Leelu,0.591390,2
Chiko.jpg,Chiko,Chiko,0.594782,1
Chocolo.jpg,Chocolo,Chocolo,0.768280,1
Christi.jpg,Christi,Christi,0.789369,1
Chuki.jpg,Chuki,Dindi,0.570474,
Chulo.jpg,Chulo,Chulo,0.701848,1
Chunchy.jpg,Chunchy,Tarzan,0.549957,6
Chunky.jpg,Chunky,Hanson,0.590167,
Ciuce.jpg,Ciuce,Ciuce,0.755531,1
Clio.jpg,Clio,Clio,0.696093,1
Clovie.jpg,Clovie,Clovie,0.664451,1
Clyde.jpg,Clyde,Daguerre,0.595441,
Coconut.jpg,Coconut,Coconut,0.859222,1
Cona.jpg,Cona,Cona,0.782220,1
Conju.jpg,Conju,Conju,0.723268,1
Cosmo.jpg,Cosmo,Cosmo,0.720683,1
Daguerre.jpg,Daguerre,Daguerre,0.795646,1
Daisyann.jpg,Daisyann,Daisyann,0.747050,1
Darius.jpg,Darius,Darius,0.750437,1
Darky.jpg,Darky,Darky,0.756805,1
Dayo.jpg,Dayo,Kylie,0.641776,2
Decatur.jpg,Decatur,Ramses,0.541740,9
Dice.jpg,Dice,Dice,0.655695,1
Dindi.jpg,Dindi,Dindi,0.824304,1
Doba.jpg,Doba,Bossy,0.572016,2
Dongja.jpg,Dongja,Hanson,0.643866,3
Donut.jpg,Donut,Donut,0.777360,1
Dopie.jpg,Dopie,Squeakers,0.556302,
Ducthess.jpg,Ducthess,Ducthess,0.760619,1
Emik.jpg,Emik,Emik,0.766213,1
Erica.jpg,Erica,Asahi,0.593995,
Etsy.jpg,Etsy,Etsy,0.899185,1
Etta.jpg,Etta,Etta,0.841608,1
Fester.jpg,Fester,Fester,0.693836,1
Filippi.jpg,Filippi,Filippi,0.680002,1
Genesis.jpg,Genesis,Genesis,0.681814,1
Genna.jpg,Genna,Hanson,0.566938,6
Gucci.jpg,Gucci,Gucci,0.636704,1
Hanson.jpg,Hanson,Hanson,0.740990,1
Hazy.jpg,Hazy,Hazy,0.899743,1
Hernando.jpg,Hernando,Hernando,0.703043,1
Hildey.jpg,Hildey,Hildey,0.755951,1
Humoose.jpg,Humoose,Humoose,0.683442,1
Immanuel.jpg,Immanuel,Immanuel,0.753117,1
Jana.jpg,Jana,Hanson,0.576636,
Jazzi.jpg,Jazzi,Jazzi,0.773367,1
Jensing.jpg,Jensing,Jensing,0.542118,1
Jetta.jpg,Jetta,Winthrop,0.795287,
Jionni.jpg,Jionni,Jionni,0.659668,1
Jockey.jpg,Jockey,Jockey,0.711870,1
Johna.jpg,Johna,Voltaire,0.628101,
Juan.jpg,Juan,Juan,0.870570,1
Julyan.jpg,Julyan,Julyan,0.637097,1
Kakie.jpg,Kakie,Shaddow,0.512096,
Kasha.jpg,Kasha,Kasha,0.636603,1
Khalia.jpg,Khalia,Khalia,0.769145,1
Kiara.jpg,Kiara,Kiara,0.619881,1
Kike.jpg,Kike,Kike,0.787227,1
Kima.jpg,Kima,Kima,0.937250,1
Kindred.jpg,Kindred,Kindred,0.688236,1
Kompis.jpg,Kompis,Kasha,0.578654,
Kyeba.jpg,Kyeba,Kyeba,0.736675,1
Kylie.jpg,Kylie,Kylie,0.811911,1
Lacky.jpg,Lacky,Principie,0.558002,
Lancer.jpg,Lancer,Lancer,0.809783,1
Lanlan.jpg,Lanlan,Lanlan,0.785388,1
Leelu.jpg,Leelu,Leelu,0.821966,1
Leilah.jpg,Leilah,Leilah,0.875699,1
Lelah.jpg,Lelah,Lelah,0.684101,1
Lillith.jpg,Lillith,Lillith,0.595261,1
Linden.jpg,Linden,Bustachanc,0.584946,
Lukka.jpg,Lukka,Jockey,0.526839,
Marleigh.jpg,Marleigh,Benju,0.598942,
Masy.jpg,Masy,Masy,0.689175,1
Mccann.jpg,Mccann,Mccann,0.662535,1
Mcgillicuddy.jpg,Mcgillicuddy,Ramona,0.600470,2
Meek.jpg,Meek,Meek,0.739084,1
Melo.jpg,Melo,Melo,0.760305,1
Mezcal.jpg,Mezcal,Branson,0.600526,
Misha.jpg,Misha,Misha,0.873633,1
Money.jpg,Money,Money,0.654455,1
Mork.jpg,Mork,Mork,0.643132,1
Muku.jpg,Muku,Bullik,0.515089,
Myah.jpg,Myah,Myah,0.795231,1
Nadette.jpg,Nadette,Nadette,0.632597,1
Namie.jpg,Namie,Chiko,0.640676,
Nancy.jpg,Nancy,Nancy,0.807806,1
Nano.jpg,Nano,Nano,0.683743,1
Nayla.jpg,Nayla,Nayla,0.642376,1
Nei.jpg,Nei,Nei,0.866711,1
Nelle.jpg,Nelle,Darius,0.685879,
Nellie.jpg,Nellie,Hanson,0.563136,
Nieva.jpg,Nieva,Nieva,0.857794,1
Nileah.jpg,Nileah,Nileah,0.844362,1
Nuer.jpg,Nuer,Nuer,0.777821,1
Nueve.jpg,Nueve,Nueve,0.692042,1
Oddie.jpg,Oddie,Oddie,0.812384,1
Ohio.jpg,Ohio,Riley,0.587120,6
Paijah.jpg,Paijah,Paijah,0.769144,1
Pennie.jpg,Pennie,Kima,0.529034,4
Perdita.jpg,Perdita,Perdita,0.898911,1
Pheebs.jpg,Pheebs,Pheebs,0.776010,1
Pietra.jpg,Pietra,Pietra,0.811908,1
Poirot.jpg,Poirot,Poirot,0.684483,1
Princeton.jpg,Princeton,Princeton,0.865602,1
Principie.jpg,Principie,Principie,0.784846,1
Promethis.jpg,Promethis,Amaya,0.581800,
Pum.jpg,Pum,Pum,0.653665,1
Pups.jpg,Pups,Timbo,0.599510,2
Quin.jpg,Quin,Quin,0.752930,1
Raffie.jpg,Raffie,Raffie,0.764358,1
Ramona.jpg,Ramona,Ramona,0.757232,1
Ramses.jpg,Ramses,Ramses,0.554077,1
Remmi.jpg,Remmi,Remmi,0.723100,1
Remsen.jpg,Remsen,Remsen,0.585518,1
Riley.jpg,Riley,Riley,0.668758,1
Rochester.jpg,Rochester,Rochester,0.655120,1
Rocketman.jpg,Rocketman,Rocketman,0.746089,1
Rosalia.jpg,Rosalia,Rosalia,0.730793,1
Rosetta.jpg,Rosetta,Rosetta,0.793620,1
Rowan.jpg,Rowan,Yodels,0.488846,4
Ruari.jpg,Ruari,Ruari,0.801775,1
Rudy.jpg,Rudy,Raffie,0.573985,
Sanji.jpg,Sanji,Sanji,0.843126,1
Saxa.jpg,Saxa,Saxa,0.779071,1
Scissors.jpg,Scissors,Scissors,0.700803,1
Shaddow.jpg,Shaddow,Shaddow,0.721446,1
Shine.jpg,Shine,Shine,0.626087,1
Simom.jpg,Simom,Simom,0.673589,1
Skippy.jpg,Skippy,Skippy,0.673985,1
Smokie.jpg,Smokie,Smokie,0.752890,1
Socartes.jpg,Socartes,Socartes,0.651773,1
Southernbell.jpg,Southernbell,Southernbell,0.653885,1
Spigle.jpg,Spigle,Spigle,0.861734,1
Squeakers.jpg,Squeakers,Squeakers,0.863467,1
Starlord.jpg,Starlord,Starlord,0.801799,1
Suchi.jpg,Suchi,Mccann,0.617558,
Taran.jpg,Taran,Taran,0.726128,1
Tarj.jpg,Tarj,Tarj,0.678926,1
Tarzan.jpg,Tarzan,Tarzan,0.940185,1
Teobaldo.jpg,Teobaldo,Teobaldo,0.900087,1
Timbo.jpg,Timbo,Timbo,0.700540,1
Tokyo.jpg,Tokyo,Tokyo,0.813554,1
Tomiko.jpg,Tomiko,Tomiko,0.766040,1
Tozai.jpg,Tozai,Chunchy,0.656759,2
Tygriss.jpg,Tygriss,Tygriss,0.607473,1
Uncle.jpg,Uncle,Uncle,0.733194,1
Villian.jpg,Villian,Villian,0.820805,1
Voltaire.jpg,Voltaire,Voltaire,0.758078,1
Whitney.jpg,Whitney,Whitney,0.742582,1
Winthrop.jpg,Winthrop,Winthrop,0.884079,1
Witten.jpg,Witten,Poirot,0.573783,3
Woody.jpg,Woody,Woody,0.786589,1
Yodels.jpg,Yodels,Yodels,0.767581,1
Yotiao.jpg,Yotiao,Yotiao,0.813618,1
Zee.jpg,Zee,Charlye,0.641484,
Zona.jpg,Zona,Zona,0.713435,1
